{"MSE": 2.4498735534377274, "_timestamp": 1686208039.6410332, "_runtime": 16.530729055404663, "_step": 0, "_wandb": {"runtime": 16}}