{"MSE": 2.454766072278593, "_timestamp": 1686207972.5762224, "_runtime": 7.664972305297852, "_step": 0, "_wandb": {"runtime": 7}}