{"MSE": 2.460964501513079, "_timestamp": 1686207992.2564697, "_runtime": 6.4933836460113525, "_step": 0, "_wandb": {"runtime": 6}}