{"MSE": 2.453983836538874, "_timestamp": 1686206992.930221, "_runtime": 14.985237121582031, "_step": 0, "_wandb": {"runtime": 14}}