{"MSE": 2.460027196644978, "_timestamp": 1686207954.9146519, "_runtime": 5.959411859512329, "_step": 0, "_wandb": {"runtime": 5}}