{"MSE": 2.453983354382832, "_timestamp": 1686208009.1340547, "_runtime": 6.937822580337524, "_step": 0, "_wandb": {"runtime": 6}}